"Index","WMT.Adjusted"
"2020-01-02",36.4338302612305
"2020-01-03",36.1121826171875
"2020-01-06",36.0386810302734
"2020-01-07",35.7047882080078
"2020-01-08",35.5822563171387
"2020-01-09",35.9498405456543
"2020-01-10",35.6496505737305
"2020-01-13",35.4964942932129
"2020-01-14",35.5883827209473
"2020-01-15",35.3126945495605
"2020-01-16",35.502613067627
"2020-01-17",35.2146835327148
"2020-01-21",35.4076652526855
"2020-01-22",35.5638732910156
"2020-01-23",35.4750442504883
"2020-01-24",35.0339431762695
"2020-01-27",35.490364074707
"2020-01-28",35.7170295715332
"2020-01-29",35.4995574951172
"2020-01-30",35.7109146118164
"2020-01-31",35.0706977844238
"2020-02-03",35.0033187866211
"2020-02-04",35.3096351623535
"2020-02-05",35.7813682556152
"2020-02-06",35.6282081604004
"2020-02-07",35.671085357666
"2020-02-10",35.3035087585449
"2020-02-11",35.3494567871094
"2020-02-12",35.4873085021973
"2020-02-13",35.9743576049805
"2020-02-14",36.1121826171875
"2020-02-18",36.645191192627
"2020-02-19",36.0478668212891
"2020-02-20",36.0509262084961
"2020-02-21",36.3235626220703
"2020-02-24",35.6312713623047
"2020-02-25",35.0400657653809
"2020-02-26",34.853214263916
"2020-02-27",33.8178482055664
"2020-02-28",32.9846649169922
"2020-03-02",35.4964942932129
"2020-03-03",34.586727142334
"2020-03-04",35.7691116333008
"2020-03-05",35.508731842041
"2020-03-06",35.9100303649902
"2020-03-09",35.8885803222656
"2020-03-10",36.6942024230957
"2020-03-11",35.0523223876953
"2020-03-12",31.8727054595947
"2020-03-13",34.9512405395508
"2020-03-16",32.7028427124023
"2020-03-17",36.531852722168
"2020-03-18",37.5488433837891
"2020-03-19",36.751953125
"2020-03-20",35.0658912658691
"2020-03-23",35.1612739562988
"2020-03-24",35.3920288085938
"2020-03-25",33.6598052978516
"2020-03-26",33.7890357971191
"2020-03-27",33.7151908874512
"2020-03-30",35.4412536621094
"2020-03-31",34.9581985473633
"2020-04-01",35.1181907653809
"2020-04-02",36.5058174133301
"2020-04-03",36.7611961364746
"2020-04-06",38.7887763977051
"2020-04-07",37.5334587097168
"2020-04-08",37.4873046875
"2020-04-09",37.4749946594238
"2020-04-13",38.5518684387207
"2020-04-14",39.6902732849121
"2020-04-15",39.6164245605469
"2020-04-16",40.7148284912109
"2020-04-17",40.6502227783203
"2020-04-20",39.9517974853516
"2020-04-21",39.7548751831055
"2020-04-22",40.4871559143066
"2020-04-23",39.5456657409668
"2020-04-24",39.8256454467773
"2020-04-27",39.4748916625977
"2020-04-28",39.3825874328613
"2020-04-29",38.0288124084473
"2020-04-30",37.3980751037598
"2020-05-01",37.8195915222168
"2020-05-04",38.0595855712891
"2020-05-05",38.3764839172363
"2020-05-06",37.9365158081055
"2020-05-07",37.667667388916
"2020-05-08",37.9921340942383
"2020-05-11",38.2177238464355
"2020-05-12",38.2517242431641
"2020-05-13",38.2300872802734
"2020-05-14",38.1404762268066
"2020-05-15",38.9192237854004
"2020-05-18",39.4507675170898
"2020-05-19",38.6132850646973
"2020-05-20",38.7677955627441
"2020-05-21",38.6256484985352
"2020-05-22",38.4216918945312
"2020-05-26",38.2764358520508
"2020-05-27",37.8499870300293
"2020-05-28",38.2239074707031
"2020-05-29",38.3382530212402
"2020-06-01",38.3073463439941
"2020-06-02",38.3011627197266
"2020-06-03",38.1559257507324
"2020-06-04",37.7356491088867
"2020-06-05",37.5656776428223
"2020-06-08",37.4667930603027
"2020-06-09",37.5007781982422
"2020-06-10",37.442066192627
"2020-06-11",37.111400604248
"2020-06-12",36.3851776123047
"2020-06-15",36.4902496337891
"2020-06-16",36.9754257202148
"2020-06-17",36.7838287353516
"2020-06-18",36.4624404907227
"2020-06-19",37.0372352600098
"2020-06-22",37.6027717590332
"2020-06-23",37.4142532348633
"2020-06-24",37.1763000488281
"2020-06-25",36.9939651489258
"2020-06-26",36.5644226074219
"2020-06-29",36.7931022644043
"2020-06-30",37.0156021118164
"2020-07-01",36.9877967834473
"2020-07-02",36.8394546508789
"2020-07-06",36.7405738830566
"2020-07-07",39.2313461303711
"2020-07-08",38.4556846618652
"2020-07-09",39.478572845459
"2020-07-10",40.384033203125
"2020-07-13",40.0255508422852
"2020-07-14",40.795036315918
"2020-07-15",40.7919540405273
"2020-07-16",40.8537483215332
"2020-07-17",40.7116012573242
"2020-07-20",40.6281661987305
"2020-07-21",40.8939323425293
"2020-07-22",40.9959182739258
"2020-07-23",40.6806983947754
"2020-07-24",40.5570755004883
"2020-07-27",40.5478172302246
"2020-07-28",40.7177810668945
"2020-07-29",40.3871154785156
"2020-07-30",40.2109756469727
"2020-07-31",39.9884757995605
"2020-08-03",39.9575691223145
"2020-08-04",40.6806983947754
"2020-08-05",40.115177154541
"2020-08-06",39.9730262756348
"2020-08-07",40.1646194458008
"2020-08-10",40.7548599243164
"2020-08-11",40.2356910705566
"2020-08-12",40.7579650878906
"2020-08-13",40.9131088256836
"2020-08-14",41.1458282470703
"2020-08-17",42.0767364501953
"2020-08-18",41.8005638122559
"2020-08-19",41.0868797302246
"2020-08-20",40.5159225463867
"2020-08-21",40.8448333740234
"2020-08-24",40.7517547607422
"2020-08-25",40.5345306396484
"2020-08-26",40.5562591552734
"2020-08-27",42.3963356018066
"2020-08-28",43.5351409912109
"2020-08-31",43.0852127075195
"2020-09-01",45.7972412109375
"2020-09-02",45.8251609802246
"2020-09-03",44.8508224487305
"2020-09-04",44.3202095031738
"2020-09-08",42.9610977172852
"2020-09-09",43.4079246520996
"2020-09-10",42.4521865844727
"2020-09-11",42.4180679321289
"2020-09-14",42.6104507446289
"2020-09-15",42.6228637695312
"2020-09-16",42.2815322875977
"2020-09-17",42.414966583252
"2020-09-18",41.9805374145508
"2020-09-21",42.5328636169434
"2020-09-22",42.9176445007324
"2020-09-23",42.1977462768555
"2020-09-24",42.4180679321289
"2020-09-25",42.5949363708496
"2020-09-28",42.5887260437012
"2020-09-29",42.5545959472656
"2020-09-30",43.414119720459
"2020-10-01",44.3977737426758
"2020-10-02",43.5972061157227
"2020-10-05",44.0005912780762
"2020-10-06",43.6375427246094
"2020-10-07",43.7182197570801
"2020-10-08",43.8640518188477
"2020-10-09",44.3046875
"2020-10-12",44.7608299255371
"2020-10-13",45.3752288818359
"2020-10-14",44.6646423339844
"2020-10-15",44.8477096557617
"2020-10-16",44.9035682678223
"2020-10-19",44.3574447631836
"2020-10-20",44.6522216796875
"2020-10-21",44.807373046875
"2020-10-22",44.5436172485352
"2020-10-23",44.6367073059082
"2020-10-26",44.1123046875
"2020-10-27",44.3326187133789
"2020-10-28",43.454460144043
"2020-10-29",43.4172248840332
"2020-10-30",43.0541839599609
"2020-11-02",43.5661697387695
"2020-11-03",44.3046875
"2020-11-04",44.0502395629883
"2020-11-05",44.5188064575195
"2020-11-06",45.2324829101562
"2020-11-09",44.5405197143555
"2020-11-10",45.1673164367676
"2020-11-11",45.9182510375977
"2020-11-12",45.9958267211914
"2020-11-13",46.7126197814941
"2020-11-16",47.302188873291
"2020-11-17",46.3495674133301
"2020-11-18",46.2626800537109
"2020-11-19",47.2029037475586
"2020-11-20",46.6195335388184
"2020-11-23",46.8336448669434
"2020-11-24",46.9670639038086
"2020-11-25",47.1129035949707
"2020-11-27",47.0415458679199
"2020-11-30",47.4107933044434
"2020-12-01",47.3642463684082
"2020-12-02",46.7064094543457
"2020-12-03",46.3278427124023
"2020-12-04",46.2068290710449
"2020-12-07",45.9585952758789
"2020-12-08",46.3743896484375
"2020-12-09",46.0082359313965
"2020-12-10",45.7933464050293
"2020-12-11",45.7809028625488
"2020-12-14",45.3604507446289
"2020-12-15",45.3386573791504
"2020-12-16",45.2919387817383
"2020-12-17",45.500602722168
"2020-12-18",45.4538803100586
"2020-12-21",45.4601135253906
"2020-12-22",44.908878326416
"2020-12-23",44.6036643981934
"2020-12-24",44.6908683776855
"2020-12-28",45.2265396118164
"2020-12-29",44.9400177001953
"2020-12-30",44.9026527404785
"2020-12-31",44.8932991027832
"2021-01-04",45.6345100402832
"2021-01-05",45.3915939331055
"2021-01-06",45.6750106811523
"2021-01-07",45.6718864440918
"2021-01-08",45.6656646728516
"2021-01-11",45.871208190918
"2021-01-12",46.3944129943848
"2021-01-13",45.9210357666016
"2021-01-14",45.7715454101562
"2021-01-15",45.0459022521973
"2021-01-19",44.6566047668457
"2021-01-20",45.3168601989746
"2021-01-21",45.1113052368164
"2021-01-22",45.5722351074219
"2021-01-25",45.5317344665527
"2021-01-26",45.9397201538086
"2021-01-27",44.7967681884766
"2021-01-28",44.768726348877
"2021-01-29",43.7534523010254
"2021-02-01",43.3735008239746
"2021-02-02",43.8406562805176
"2021-02-03",43.9745674133301
"2021-02-04",44.3887748718262
"2021-02-05",44.9587020874023
"2021-02-08",45.167366027832
"2021-02-09",45.4165153503418
"2021-02-10",44.887077331543
"2021-02-11",44.8528213500977
"2021-02-12",44.9929618835449
"2021-02-16",45.3635673522949
"2021-02-17",45.8431777954102
"2021-02-18",42.8720970153809
"2021-02-19",43.0838661193848
"2021-02-22",42.8814315795898
"2021-02-23",42.1900482177734
"2021-02-24",41.4862022399902
"2021-02-25",41.0938034057617
"2021-02-26",40.4615859985352
"2021-03-01",40.9131698608398
"2021-03-02",40.5207595825195
"2021-03-03",39.7359504699707
"2021-03-04",39.7172546386719
"2021-03-05",40.2124443054199
"2021-03-08",39.8262596130371
"2021-03-09",40.140811920166
"2021-03-10",41.1654319763184
"2021-03-11",41.1498603820801
"2021-03-12",41.7696151733398
"2021-03-15",41.5547256469727
"2021-03-16",41.5422592163086
"2021-03-17",41.1965713500977
"2021-03-18",40.6586723327637
"2021-03-19",41.1997032165527
"2021-03-22",41.3967208862305
"2021-03-23",41.8877143859863
"2021-03-24",41.6281509399414
"2021-03-25",41.9096069335938
"2021-03-26",42.2598609924316
"2021-03-29",42.7414855957031
"2021-03-30",42.4506301879883
"2021-03-31",42.4787902832031
"2021-04-01",42.4131240844727
"2021-04-05",43.6046295166016
"2021-04-06",43.8141670227051
"2021-04-07",43.7203407287598
"2021-04-08",43.692195892334
"2021-04-09",43.7140998840332
"2021-04-12",43.7203407287598
"2021-04-13",43.5858688354492
"2021-04-14",43.5702247619629
"2021-04-15",43.8329277038574
"2021-04-16",43.9736518859863
"2021-04-19",43.692195892334
"2021-04-20",44.0299491882324
"2021-04-21",44.1581726074219
"2021-04-22",43.6796836853027
"2021-04-23",43.7516250610352
"2021-04-26",43.1292762756348
"2021-04-27",43.276252746582
"2021-04-28",43.1230163574219
"2021-04-29",43.6671829223633
"2021-04-30",43.7547378540039
"2021-05-03",44.4458923339844
"2021-05-04",44.0080528259277
"2021-05-05",43.9705352783203
"2021-05-06",44.2844886779785
"2021-05-07",44.0176277160645
"2021-05-10",44.2122802734375
"2021-05-11",43.8135414123535
"2021-05-12",42.6801528930664
"2021-05-13",43.4022560119629
"2021-05-14",43.8041381835938
"2021-05-17",43.6063385009766
"2021-05-18",44.5545043945312
"2021-05-19",44.5576438903809
"2021-05-20",44.7146263122559
"2021-05-21",44.504264831543
"2021-05-24",44.5074081420898
"2021-05-25",44.689510345459
"2021-05-26",44.6361312866211
"2021-05-27",44.4854278564453
"2021-05-28",44.5921821594238
"2021-06-01",44.4760208129883
"2021-06-02",44.3786926269531
"2021-06-03",44.4571800231934
"2021-06-04",44.5356674194336
"2021-06-07",44.2373962402344
"2021-06-08",43.9014549255371
"2021-06-09",43.6659927368164
"2021-06-10",43.9171676635742
"2021-06-11",44.1903114318848
"2021-06-14",44.1306419372559
"2021-06-15",43.9548416137695
"2021-06-16",43.0600433349609
"2021-06-17",43.2390060424805
"2021-06-18",42.4383926391602
"2021-06-21",42.8245582580566
"2021-06-22",43.0223617553711
"2021-06-23",42.6864166259766
"2021-06-24",42.9846839904785
"2021-06-25",43.4933090209961
"2021-06-28",43.3583068847656
"2021-06-29",43.1071395874023
"2021-06-30",44.275074005127
"2021-07-01",43.7413330078125
"2021-07-02",43.9893646240234
"2021-07-06",43.9359970092773
"2021-07-07",43.8637809753418
"2021-07-08",43.8261032104492
"2021-07-09",44.0490226745605
"2021-07-12",43.9705276489258
"2021-07-13",44.1369361877441
"2021-07-14",44.4414710998535
"2021-07-15",44.4760208129883
"2021-07-16",44.4446144104004
"2021-07-19",44.3410148620605
"2021-07-20",44.5419425964355
"2021-07-21",44.3221664428711
"2021-07-22",44.3535690307617
"2021-07-23",44.7177619934082
"2021-07-26",44.7805442810059
"2021-07-27",44.7836952209473
"2021-07-28",44.6015968322754
"2021-07-29",44.6581115722656
"2021-07-30",44.7554397583008
"2021-08-02",44.6518325805664
"2021-08-03",45.1541748046875
"2021-08-04",44.8464851379395
"2021-08-05",45.6784973144531
"2021-08-06",45.5968589782715
"2021-08-09",45.7067489624023
"2021-08-10",46.6800308227539
"2021-08-11",47.097599029541
"2021-08-12",46.9715690612793
"2021-08-13",47.1196670532227
"2021-08-16",47.5041122436523
"2021-08-17",47.4883460998535
"2021-08-18",46.9841575622559
"2021-08-19",47.3024215698242
"2021-08-20",47.7246856689453
"2021-08-23",47.4095687866211
"2021-08-24",46.9211273193359
"2021-08-25",46.9400367736816
"2021-08-26",46.4327087402344
"2021-08-27",46.1711540222168
"2021-08-30",46.5430030822754
"2021-08-31",46.6690483093262
"2021-09-01",46.5681953430176
"2021-09-02",46.8139953613281
"2021-09-03",47.0314254760742
"2021-09-07",46.4074897766113
"2021-09-08",46.4673652648926
"2021-09-09",46.1396446228027
"2021-09-10",45.9726409912109
"2021-09-13",45.7110824584961
"2021-09-14",45.4715957641602
"2021-09-15",45.5503692626953
"2021-09-16",45.7016258239746
"2021-09-17",45.6070861816406
"2021-09-20",44.9800033569336
"2021-09-21",45.0682334899902
"2021-09-22",44.9642524719238
"2021-09-23",44.9894638061523
"2021-09-24",45.1155052185059
"2021-09-27",44.8255958557129
"2021-09-28",44.2741317749023
"2021-09-29",44.2552223205566
"2021-09-30",43.9212074279785
"2021-10-01",43.1869850158691
"2021-10-04",42.7710266113281
"2021-10-05",43.0514831542969
"2021-10-06",43.3665924072266
"2021-10-07",43.8770942687988
"2021-10-08",44.0094375610352
"2021-10-11",43.9684715270996
"2021-10-12",43.9212074279785
"2021-10-13",43.6029357910156
"2021-10-14",44.0756187438965
"2021-10-15",44.2898979187012
"2021-10-18",44.6459808349609
"2021-10-19",45.5944862365723
"2021-10-20",46.0072937011719
"2021-10-21",46.2625389099121
"2021-10-22",46.7446746826172
"2021-10-25",47.2866744995117
"2021-10-26",46.8738708496094
"2021-10-27",46.4894256591797
"2021-10-28",46.7793388366699
"2021-10-29",47.0850105285645
"2021-11-01",47.2015953063965
"2021-11-02",47.1795387268066
"2021-11-03",47.3244895935059
"2021-11-04",47.6711273193359
"2021-11-05",47.3402481079102
"2021-11-08",47.037727355957
"2021-11-09",47.2015953063965
"2021-11-10",46.776180267334
"2021-11-11",46.7950897216797
"2021-11-12",46.561897277832
"2021-11-15",46.2940483093262
"2021-11-16",45.1155052185059
"2021-11-17",44.7279167175293
"2021-11-18",45.1123542785645
"2021-11-19",44.8697204589844
"2021-11-22",45.6228408813477
"2021-11-23",45.9474143981934
"2021-11-24",46.1774597167969
"2021-11-26",45.6606674194336
"2021-11-29",44.9453392028809
"2021-11-30",44.315113067627
"2021-12-01",43.2153472900391
"2021-12-02",42.6890983581543
"2021-12-03",43.3319320678711
"2021-12-06",43.8014640808105
"2021-12-07",43.6596641540527
"2021-12-08",43.2184982299805
"2021-12-09",43.8196258544922
"2021-12-10",44.6200866699219
"2021-12-13",45.423713684082
"2021-12-14",45.8571624755859
"2021-12-15",46.1197738647461
"2021-12-16",45.3509407043457
"2021-12-17",43.8987312316895
"2021-12-20",44.0411071777344
"2021-12-21",44.1739845275879
"2021-12-22",44.2309379577637
"2021-12-23",44.1328468322754
"2021-12-27",44.5346565246582
"2021-12-28",45.1737670898438
"2021-12-29",45.151611328125
"2021-12-30",45.2971496582031
"2021-12-31",45.7780609130859
"2022-01-03",45.7654151916504
"2022-01-04",44.9269866943359
"2022-01-05",45.5344467163086
"2022-01-06",45.4078979492188
"2022-01-07",45.8413467407227
"2022-01-10",45.7527542114258
"2022-01-11",45.6230316162109
"2022-01-12",45.3825759887695
"2022-01-13",46.0248413085938
"2022-01-14",45.8951263427734
"2022-01-18",45.0915107727051
"2022-01-19",45.5407752990723
"2022-01-20",44.6802101135254
"2022-01-21",44.3543243408203
"2022-01-24",44.3575019836426
"2022-01-25",43.3925018310547
"2022-01-26",42.9495658874512
"2022-01-27",42.9780426025391
"2022-01-28",43.5095748901367
"2022-01-31",44.2340965270996
"2022-02-01",44.5821228027344
"2022-02-02",44.5631408691406
"2022-02-03",44.6074371337891
"2022-02-04",44.0822334289551
"2022-02-07",43.6487808227539
"2022-02-08",43.6582679748535
"2022-02-09",43.5633544921875
"2022-02-10",43.0539779663086
"2022-02-11",42.8166770935059
"2022-02-14",42.3800735473633
"2022-02-15",42.5129470825195
"2022-02-16",42.2471809387207
"2022-02-17",43.9398612976074
"2022-02-18",43.6582679748535
"2022-02-22",43.1710433959961
"2022-02-23",42.7280921936035
"2022-02-24",42.5635719299316
"2022-02-25",43.1488838195801
"2022-02-28",42.7628974914551
"2022-03-01",43.0254936218262
"2022-03-02",43.0792808532715
"2022-03-03",44.0695762634277
"2022-03-04",45.1864242553711
"2022-03-07",44.8225784301758
"2022-03-08",43.895565032959
"2022-03-09",44.1233596801758
"2022-03-10",45.1263084411621
"2022-03-11",44.9491310119629
"2022-03-14",45.5755805969238
"2022-03-15",46.1229248046875
"2022-03-16",45.9868850708008
"2022-03-17",46.0567588806152
"2022-03-18",46.1933288574219
"2022-03-21",45.809024810791
"2022-03-22",45.6724548339844
"2022-03-23",45.0848655700684
"2022-03-24",45.3643646240234
"2022-03-25",45.561279296875
"2022-03-28",46.3711967468262
"2022-03-29",46.7618598937988
"2022-03-30",47.6003532409668
"2022-03-31",47.2986221313477
"2022-04-01",47.9624214172363
"2022-04-04",47.9719467163086
"2022-04-05",48.108512878418
"2022-04-06",49.2265167236328
"2022-04-07",49.718807220459
"2022-04-08",49.9951324462891
"2022-04-11",49.0041885375977
"2022-04-12",48.6675186157227
"2022-04-13",49.9347763061523
"2022-04-14",49.8903160095215
"2022-04-18",49.5091934204102
"2022-04-19",50.0713539123535
"2022-04-20",50.7002220153809
"2022-04-21",50.7764511108398
"2022-04-22",49.8204536437988
"2022-04-25",49.8458557128906
"2022-04-26",49.3249702453613
"2022-04-27",48.9883079528809
"2022-04-28",49.6139907836914
"2022-04-29",48.5912857055664
"2022-05-02",48.2705039978027
"2022-05-03",48.438835144043
"2022-05-04",49.1089973449707
"2022-05-05",48.6882286071777
"2022-05-06",47.6745567321777
"2022-05-09",48.2323951721191
"2022-05-10",47.5534248352051
"2022-05-11",47.0561485290527
"2022-05-12",47.0115242004395
"2022-05-13",47.1932220458984
"2022-05-16",47.2442169189453
"2022-05-17",41.8698387145996
"2022-05-18",39.0264434814453
"2022-05-19",37.9553985595703
"2022-05-20",37.9968338012695
"2022-05-23",39.0806465148926
"2022-05-24",39.5683555603027
"2022-05-25",39.3260917663574
"2022-05-26",40.1644439697266
"2022-05-27",40.9549827575684
"2022-05-31",41.002799987793
"2022-06-01",39.9891242980957
"2022-06-02",40.6457824707031
"2022-06-03",39.9476852416992
"2022-06-06",39.8042411804199
"2022-06-07",39.3260917663574
"2022-06-08",38.9850120544434
"2022-06-09",38.5769920349121
"2022-06-10",38.7937545776367
"2022-06-13",38.0637817382812
"2022-06-14",38.079719543457
"2022-06-15",38.0542068481445
"2022-06-16",38.4494819641113
"2022-06-17",37.7067565917969
"2022-06-21",38.9435691833496
"2022-06-22",38.4717979431152
"2022-06-23",39.4057807922363
"2022-06-24",39.4376602172852
"2022-06-27",39.5651664733887
"2022-06-28",39.00732421875
"2022-06-29",38.8638801574707
"2022-06-30",38.755500793457
"2022-07-01",39.0902061462402
"2022-07-05",39.6065979003906
"2022-07-06",39.8871192932129
"2022-07-07",39.9476852416992
"2022-07-08",39.9731903076172
"2022-07-11",39.9891242980957
"2022-07-12",39.8679885864258
"2022-07-13",39.963623046875
"2022-07-14",40.7446022033691
"2022-07-15",41.1430473327637
"2022-07-18",41.047420501709
"2022-07-19",41.2992515563965
"2022-07-20",41.6435089111328
"2022-07-21",42.2523498535156
"2022-07-22",42.143970489502
"2022-07-25",42.0834121704102
"2022-07-26",38.8830070495605
"2022-07-27",40.3525123596191
"2022-07-28",41.359806060791
"2022-07-29",42.0929679870605
"2022-08-01",42.2491645812988
"2022-08-02",42.2937889099121
"2022-08-03",41.5988883972168
"2022-08-04",40.0273666381836
"2022-08-05",40.3493194580078
"2022-08-08",40.6776504516602
"2022-08-09",41.0792961120605
"2022-08-10",41.1653671264648
"2022-08-11",41.5623512268066
"2022-08-12",42.3307266235352
"2022-08-15",42.4523849487305
"2022-08-16",44.6198348999023
"2022-08-17",44.6678581237793
"2022-08-18",44.5237808227539
"2022-08-19",43.8674659729004
"2022-08-22",43.0830879211426
"2022-08-23",42.9006004333496
"2022-08-24",43.2111511230469
"2022-08-25",43.4992942810059
"2022-08-26",42.1322288513184
"2022-08-29",42.5420265197754
"2022-08-30",42.4139633178711
"2022-08-31",42.4363708496094
"2022-09-01",43.0542678833008
"2022-09-02",42.5804405212402
"2022-09-06",42.3691520690918
"2022-09-07",43.4576606750488
"2022-09-08",43.6785736083984
"2022-09-09",43.8098258972168
"2022-09-12",44.2036209106445
"2022-09-13",43.291187286377
"2022-09-14",43.1951370239258
"2022-09-15",42.7309226989746
"2022-09-16",42.6412773132324
"2022-09-19",43.0062484741211
"2022-09-20",42.7565269470215
"2022-09-21",43.1471176147461
"2022-09-22",42.7053031921387
"2022-09-23",41.6391944885254
"2022-09-26",42.0393829345703
"2022-09-27",41.9241256713867
"2022-09-28",42.615665435791
"2022-09-29",42.34033203125
"2022-09-30",41.5239334106445
"2022-10-03",42.4299736022949
"2022-10-04",42.980640411377
"2022-10-05",42.5548324584961
"2022-10-06",42.1578407287598
"2022-10-07",41.1589584350586
"2022-10-10",41.4022750854492
"2022-10-11",42.4747924804688
"2022-10-12",41.994556427002
"2022-10-13",42.3499298095703
"2022-10-14",41.7576484680176
"2022-10-17",42.05859375
"2022-10-18",42.9454154968262
"2022-10-19",42.8237609863281
"2022-10-20",42.9294128417969
"2022-10-21",43.7970314025879
"2022-10-24",44.632625579834
"2022-10-25",44.8439254760742
"2022-10-26",45.1864967346191
"2022-10-27",45.055233001709
"2022-10-28",45.6251068115234
"2022-10-31",45.5674743652344
"2022-11-01",45.3625793457031
"2022-11-02",45.061637878418
"2022-11-03",45.0520324707031
"2022-11-04",45.1320686340332
"2022-11-07",45.605899810791
"2022-11-08",45.7147445678711
"2022-11-09",44.6518402099609
"2022-11-10",45.5770835876465
"2022-11-11",45.6475219726562
"2022-11-14",44.3060760498047
"2022-11-15",47.2034568786621
"2022-11-16",47.5428314208984
"2022-11-17",47.3827476501465
"2022-11-18",48.0966873168945
"2022-11-21",48.3912315368652
"2022-11-22",48.5641136169434
"2022-11-23",48.7978248596191
"2022-11-25",49.005931854248
"2022-11-28",49.1467971801758
"2022-11-29",48.9739151000977
"2022-11-30",48.7978248596191
"2022-12-01",49.101978302002
"2022-12-02",49.0539474487305
"2022-12-05",48.5513076782227
"2022-12-06",47.9878387451172
"2022-12-07",47.7381248474121
"2022-12-08",47.8120346069336
"2022-12-09",46.6969146728516
"2022-12-12",47.567798614502
"2022-12-13",47.3974800109863
"2022-12-14",47.1339569091797
"2022-12-15",46.7129821777344
"2022-12-16",45.8742294311523
"2022-12-19",45.8902931213379
"2022-12-20",46.2919960021973
"2022-12-21",46.655143737793
"2022-12-22",46.1088256835938
"2022-12-23",46.2020149230957
"2022-12-27",46.2148742675781
"2022-12-28",45.4050369262695
"2022-12-29",45.6814117431641
"2022-12-30",45.5657196044922
"2023-01-03",46.147388458252
"2023-01-04",46.1988067626953
"2023-01-05",46.0413360595703
"2023-01-06",47.1693077087402
"2023-01-09",46.5812149047852
"2023-01-10",46.552303314209
"2023-01-11",46.9604301452637
"2023-01-12",46.5362319946289
"2023-01-13",46.6904792785645
"2023-01-17",46.4076881408691
"2023-01-18",45.2604293823242
"2023-01-19",44.6144905090332
"2023-01-20",45.1640281677246
"2023-01-23",45.8388748168945
"2023-01-24",45.960994720459
"2023-01-25",45.7424774169922
"2023-01-26",45.7006874084473
"2023-01-27",46.0509834289551
"2023-01-30",45.6814117431641
"2023-01-31",46.2341575622559
"2023-02-01",46.4912414550781
"2023-02-02",46.1538162231445
"2023-02-03",45.5400161743164
"2023-02-06",45.2090187072754
"2023-02-07",45.3054122924805
"2023-02-08",45.0611915588379
"2023-02-09",45.4789505004883
"2023-02-10",46.1859550476074
"2023-02-13",46.8897323608398
"2023-02-14",46.7547569274902
"2023-02-15",47.1018257141113
"2023-02-16",46.3626976013184
"2023-02-17",47.0600509643555
"2023-02-21",47.346061706543
"2023-02-22",46.3530578613281
"2023-02-23",45.6621284484863
"2023-02-24",45.784252166748
"2023-02-27",45.4532470703125
"2023-02-28",45.674991607666
"2023-03-01",45.038688659668
"2023-03-02",45.1511650085449
"2023-03-03",45.2057952880859
"2023-03-06",45.1993713378906
"2023-03-07",44.7494735717773
"2023-03-08",44.3799018859863
"2023-03-09",44.0810356140137
"2023-03-10",44.0167655944824
"2023-03-13",44.1453056335449
"2023-03-14",44.3799018859863
"2023-03-15",44.8747940063477
"2023-03-16",44.6198883056641
"2023-03-17",44.9812774658203
"2023-03-20",45.4653015136719
"2023-03-21",45.3104133605957
"2023-03-22",45.0200080871582
"2023-03-23",45.3846244812012
"2023-03-24",45.7557067871094
"2023-03-27",46.5204544067383
"2023-03-28",46.3397560119629
"2023-03-29",46.5398178100586
"2023-03-30",47.0044708251953
"2023-03-31",47.5788383483887
"2023-04-03",47.9789581298828
"2023-04-04",47.5078468322754
"2023-04-05",48.2951850891113
"2023-04-06",48.6598052978516
"2023-04-10",48.5662307739258
"2023-04-11",48.424259185791
"2023-04-12",48.1886940002441
"2023-04-13",48.2371139526367
"2023-04-14",47.911190032959
"2023-04-17",48.2467803955078
"2023-04-18",48.3532676696777
"2023-04-19",48.4048881530762
"2023-04-20",48.7146644592285
"2023-04-21",48.9598960876465
"2023-04-24",49.2922592163086
"2023-04-25",48.9082679748535
"2023-04-26",48.6953010559082
"2023-04-27",48.8469619750977
"2023-04-28",48.7146644592285
"2023-05-01",48.914722442627
"2023-05-02",48.7824249267578
"2023-05-03",48.6017303466797
"2023-05-04",48.7377624511719
"2023-05-05",49.1588401794434
"2023-05-08",49.4665489196777
"2023-05-09",49.5507659912109
"2023-05-10",49.4114875793457
"2023-05-11",49.5961074829102
"2023-05-12",49.5799102783203
"2023-05-15",49.1944694519043
"2023-05-16",48.5142707824707
"2023-05-17",48.4333000183105
"2023-05-18",49.0616722106934
"2023-05-19",48.5563812255859
"2023-05-22",48.1288223266602
"2023-05-23",48.038143157959
"2023-05-24",47.8178787231445
"2023-05-25",47.3417472839355
"2023-05-26",47.4259605407715
"2023-05-30",47.3093528747559
"2023-05-31",47.5717124938965
"2023-06-01",47.7466239929199
"2023-06-02",48.2033271789551
"2023-06-05",48.5207481384277
"2023-06-06",48.5142707824707
"2023-06-07",48.5855293273926
"2023-06-08",49.2883987426758
"2023-06-09",49.5863914489746
"2023-06-12",49.9135398864746
"2023-06-13",50.3022193908691
"2023-06-14",50.8107452392578
"2023-06-15",51.0893058776855
"2023-06-16",50.3767127990723
"2023-06-20",49.9329643249512
"2023-06-21",50.0301399230957
"2023-06-22",50.4479751586914
"2023-06-23",50.3540458679199
"2023-06-26",50.2212448120117
"2023-06-27",50.0398559570312
"2023-06-28",50.3119430541992
"2023-06-29",49.9718399047852
"2023-06-30",50.9111595153809
"2023-07-03",51.2415428161621
"2023-07-05",51.2123908996582
"2023-07-06",50.8884887695312
"2023-07-07",49.7159538269043
"2023-07-10",50.1661758422852
"2023-07-11",50.0916786193848
"2023-07-12",50.2180023193359
"2023-07-13",49.9232521057129
"2023-07-14",50.0949211120605
"2023-07-17",50.1564559936523
"2023-07-18",50.0657730102539
"2023-07-19",50.0819625854492
"2023-07-20",51.0083312988281
"2023-07-21",51.2966079711914
"2023-07-24",51.5978317260742
"2023-07-25",51.5557250976562
"2023-07-26",51.740348815918
"2023-07-27",51.5524826049805
"2023-07-28",51.7954139709473
"2023-07-31",51.7792167663574
"2023-08-01",51.5362968444824
"2023-08-02",51.5719223022461
"2023-08-03",51.5848808288574
"2023-08-04",51.2868881225586
"2023-08-07",51.9832801818848
"2023-08-08",52.0351066589355
"2023-08-09",52.1193161010742
"2023-08-10",52.093318939209
"2023-08-11",52.3988609313965
"2023-08-14",52.0088005065918
"2023-08-15",51.7422561645508
"2023-08-16",51.7682571411133
"2023-08-17",50.6078186035156
"2023-08-18",51.3359336853027
"2023-08-21",51.1994094848633
"2023-08-22",51.0368881225586
"2023-08-23",51.3911972045898
"2023-08-24",50.997875213623
"2023-08-25",51.300178527832
"2023-08-28",51.5927276611328
"2023-08-29",52.0250473022461
"2023-08-30",52.3988609313965
"2023-08-31",52.8571929931641
"2023-09-01",52.5191345214844
"2023-09-05",52.0965614318848
"2023-09-06",52.486629486084
"2023-09-07",53.1367378234863
"2023-09-08",53.2342567443848
"2023-09-11",53.4195365905762
"2023-09-12",53.4780502319336
"2023-09-13",53.4910469055176
"2023-09-14",53.7153396606445
"2023-09-15",53.5170555114746
"2023-09-18",53.1204872131348
"2023-09-19",53.1074829101562
"2023-09-20",53.2797622680664
"2023-09-21",52.6329040527344
"2023-09-22",52.7726783752441
"2023-09-25",53.0067253112793
"2023-09-26",52.8214378356934
"2023-09-27",52.5678863525391
"2023-09-28",52.8344383239746
"2023-09-29",51.9860458374023
"2023-10-02",52.0413055419922
"2023-10-03",51.7130012512207
"2023-10-04",52.3338508605957
"2023-10-05",51.7097511291504
"2023-10-06",50.841854095459
"2023-10-09",50.6565780639648
"2023-10-10",51.2286682128906
"2023-10-11",51.4334526062012
"2023-10-12",51.6674919128418
"2023-10-13",51.953540802002
"2023-10-16",52.4021148681641
"2023-10-17",52.4703826904297
"2023-10-18",52.5093841552734
"2023-10-19",52.2590942382812
"2023-10-20",51.6057357788086
"2023-10-23",52.3371047973633
"2023-10-24",53.0652275085449
"2023-10-25",52.9059600830078
"2023-10-26",52.5841445922852
"2023-10-27",52.3891143798828
"2023-10-30",52.9904670715332
"2023-10-31",53.1172409057617
"2023-11-01",53.5918197631836
"2023-11-02",53.8031005859375
"2023-11-03",53.523551940918
"2023-11-06",53.5950698852539
"2023-11-07",53.8453598022461
"2023-11-08",53.4065361022949
"2023-11-09",53.2830123901367
"2023-11-10",54.0208854675293
"2023-11-13",54.5052185058594
"2023-11-14",54.4954643249512
"2023-11-15",55.1878356933594
"2023-11-16",50.7215766906738
"2023-11-17",50.4972953796387
"2023-11-20",50.4810447692871
"2023-11-21",50.6630706787109
"2023-11-22",50.2762603759766
"2023-11-24",50.728084564209
"2023-11-27",50.9588737487793
"2023-11-28",51.5667304992676
"2023-11-29",50.7345886230469
"2023-11-30",50.6078186035156
"2023-12-01",50.1689872741699
"2023-12-04",50.1559867858887
"2023-12-05",50.6208114624023
"2023-12-06",50.0714721679688
"2023-12-07",49.7419395446777
"2023-12-08",49.2199211120605
"2023-12-11",49.3438987731934
"2023-12-12",49.3830604553223
"2023-12-13",50.2607002258301
"2023-12-14",49.6473274230957
"2023-12-15",49.8333053588867
"2023-12-18",50.5608673095703
"2023-12-19",50.7435684204102
"2023-12-20",50.1497764587402
"2023-12-21",50.5053977966309
"2023-12-22",51.1089859008789
"2023-12-26",51.0306777954102
"2023-12-27",51.5102920532227
"2023-12-28",51.4091453552246
"2023-12-29",51.4352493286133
"2024-01-02",51.9703178405762
"2024-01-03",51.9735794067383
"2024-01-04",51.4711380004883
"2024-01-05",51.1285667419434
"2024-01-08",51.6310043334961
"2024-01-09",51.9768409729004
"2024-01-10",52.6228408813477
"2024-01-11",52.5641174316406
"2024-01-12",52.6326332092285
"2024-01-16",52.7990264892578
"2024-01-17",52.5510559082031
"2024-01-18",53.2590484619141
"2024-01-19",52.9784698486328
"2024-01-22",52.9817276000977
"2024-01-23",53.1154975891113
"2024-01-24",52.3651008605957
"2024-01-25",53.128547668457
"2024-01-26",53.595100402832
"2024-01-29",53.846321105957
"2024-01-30",54.0257682800293
"2024-01-31",53.9148406982422
"2024-02-01",54.9132041931152
"2024-02-02",55.324291229248
"2024-02-05",55.0273971557617
"2024-02-06",55.4025993347168
"2024-02-07",55.2623062133789
"2024-02-08",55.2590446472168
"2024-02-09",55.229679107666
"2024-02-12",55.5624618530273
"2024-02-13",55.1840019226074
"2024-02-14",55.0078239440918
"2024-02-15",55.2329406738281
"2024-02-16",55.5820426940918
"2024-02-20",57.3764801025391
"2024-02-21",56.6717567443848
"2024-02-22",57.2296676635742
"2024-02-23",57.2786026000977
"2024-02-26",58.3356895446777
"2024-02-27",58.3259086608887
"2024-02-28",58.3552703857422
"2024-02-29",57.36669921875
"2024-03-01",57.5135154724121
"2024-03-04",58.0420608520508
"2024-03-05",58.7663612365723
"2024-03-06",59.2851219177246
"2024-03-07",59.0795707702637
"2024-03-08",58.8446617126465
"2024-03-11",59.3732070922852
"2024-03-12",60.1072998046875
"2024-03-13",59.9800567626953
"2024-03-14",59.9289855957031
"2024-03-15",59.5950622558594
"2024-03-18",59.7718467712402
"2024-03-19",59.7816696166992
"2024-03-20",60.1548728942871
"2024-03-21",60.3512992858887
"2024-03-22",59.7816696166992
"2024-03-25",59.4870338439941
"2024-03-26",59.4281044006348
"2024-03-27",59.634349822998
"2024-03-28",59.0941848754883
"2024-04-01",58.9272232055664
"2024-04-02",58.102237701416
"2024-04-03",58.3674125671387
"2024-04-04",58.436164855957
"2024-04-05",58.7799072265625
"2024-04-08",58.7111587524414
"2024-04-09",58.7209739685059
"2024-04-10",59.5361404418945
"2024-04-11",59.0156135559082
"2024-04-12",59.0647239685059
"2024-04-15",58.8584747314453
"2024-04-16",58.7700843811035
"2024-04-17",58.5834846496582
"2024-04-18",58.2004508972168
"2024-04-19",58.4656257629395
"2024-04-22",59.0647239685059
"2024-04-23",58.0334930419922
"2024-04-24",58.7995452880859
"2024-04-25",59.1334686279297
"2024-04-26",59.0843620300293
"2024-04-29",59.1629295349121
"2024-04-30",58.2888450622559
"2024-05-01",57.7977867126465
"2024-05-02",58.6424102783203
"2024-05-03",58.7504386901855
"2024-05-06",58.7995452880859
"2024-05-07",59.5361404418945
"2024-05-08",59.2218589782715
"2024-05-09",59.5648193359375
"2024-05-10",59.6042366027832
"2024-05-13",59.5352554321289
"2024-05-14",58.9932174682617
"2024-05-15",58.9636573791504
"2024-05-16",63.0831298828125
"2024-05-17",63.7138595581055
"2024-05-20",63.2506637573242
"2024-05-21",64.2066192626953
"2024-05-22",64.3051681518555
"2024-05-23",63.9010963439941
"2024-05-24",64.4332809448242
"2024-05-28",64.0982131958008
"2024-05-29",63.9799461364746
"2024-05-30",63.950382232666
"2024-05-31",64.8077774047852
"2024-06-03",64.8669204711914
"2024-06-04",65.635612487793
"2024-06-05",66.118522644043
"2024-06-06",66.1776504516602
"2024-06-07",64.9260482788086
"2024-06-10",65.9904174804688
"2024-06-11",65.7637481689453
"2024-06-12",65.3498153686523
"2024-06-13",65.7341766357422
"2024-06-14",66.0495452880859
"2024-06-17",66.4437484741211
"2024-06-18",66.6211318969727
"2024-06-20",67.0251998901367
"2024-06-21",66.9266510009766
"2024-06-24",67.9023208618164
"2024-06-25",66.4437484741211
"2024-06-26",67.301155090332
"2024-06-27",66.897087097168
"2024-06-28",66.7295532226562
"2024-07-01",66.5028762817383
"2024-07-02",67.0843353271484
"2024-07-03",67.2518692016602
"2024-07-05",69.0258102416992
"2024-07-08",68.671012878418
"2024-07-09",68.8878479003906
"2024-07-10",69.3904571533203
"2024-07-11",68.7892913818359
"2024-07-12",68.2373886108398
"2024-07-15",68.6020355224609
"2024-07-16",68.9765319824219
"2024-07-17",70.0014801025391
"2024-07-18",69.7945175170898
"2024-07-19",69.7255249023438
"2024-07-22",69.3608856201172
"2024-07-23",69.6269836425781
"2024-07-24",69.5777053833008
"2024-07-25",69.0060958862305
"2024-07-26",68.7695770263672
"2024-07-29",68.6119003295898
"2024-07-30",68.1881256103516
"2024-07-31",67.6460876464844
"2024-08-01",68.7794342041016
"2024-08-02",67.4686889648438
"2024-08-05",66.6112976074219
"2024-08-06",66.7591171264648
"2024-08-07",65.9411315917969
"2024-08-08",66.6802825927734
"2024-08-09",66.9660797119141
"2024-08-12",67.7052154541016
"2024-08-13",67.1434783935547
"2024-08-14",67.6658020019531
"2024-08-15",72.1203460693359
"2024-08-16",72.5927581787109
"2024-08-19",72.8596115112305
"2024-08-20",73.670051574707
"2024-08-21",74.3618698120117
"2024-08-22",74.6979141235352
"2024-08-23",74.8165054321289
"2024-08-26",75.1426467895508
"2024-08-27",75.2414855957031
"2024-08-28",75.1920776367188
"2024-08-29",75.5281066894531
"2024-08-30",76.3286514282227
"2024-09-03",76.2693557739258
"2024-09-04",76.3385314941406
"2024-09-05",76.0617980957031
"2024-09-06",75.7455291748047
"2024-09-09",76.4373626708984
"2024-09-10",77.8902130126953
"2024-09-11",77.9198532104492
"2024-09-12",78.7302932739258
"2024-09-13",79.6593170166016
"2024-09-16",79.6197814941406
"2024-09-17",77.6826553344727
"2024-09-18",78.1076431274414
"2024-09-19",77.1292037963867
"2024-09-20",78.1372833251953
"2024-09-23",79.3924713134766
"2024-09-24",79.7285079956055
"2024-09-25",80.4499816894531
"2024-09-26",78.9872589111328
"2024-09-27",78.848876953125
"2024-09-30",79.8075714111328
"2024-10-01",80.3214950561523
"2024-10-02",79.4913024902344
"2024-10-03",79.4913024902344
"2024-10-04",79.9953536987305
"2024-10-07",78.1768188476562
"2024-10-08",78.7797012329102
"2024-10-09",79.4616470336914
"2024-10-10",78.6808700561523
"2024-10-11",79.165153503418
"2024-10-14",79.3529357910156
"2024-10-15",80.6970672607422
"2024-10-16",80.2720947265625
"2024-10-17",79.945930480957
"2024-10-18",80.3610305786133
"2024-10-21",79.8668670654297
"2024-10-22",81.0627288818359
"2024-10-23",82.2981567382812
"2024-10-24",82.0708389282227
"2024-10-25",81.5470352172852
"2024-10-28",81.7842254638672
"2024-10-29",80.7464828491211
"2024-10-30",80.4401016235352
"2024-10-31",80.9935607910156
"2024-11-01",81.2307510375977
"2024-11-04",81.4877166748047
"2024-11-05",82.703369140625
"2024-11-06",82.466178894043
"2024-11-07",82.8713836669922
"2024-11-08",83.8399505615234
"2024-11-11",83.227180480957
"2024-11-12",83.9980773925781
"2024-11-13",84.5021209716797
"2024-11-14",83.4841537475586
"2024-11-15",83.266716003418
"2024-11-18",83.0987014770508
"2024-11-19",85.5892868041992
"2024-11-20",86.1625213623047
"2024-11-21",87.3583984375
"2024-11-22",89.3844833374023
"2024-11-25",88.455451965332
"2024-11-26",90.2443161010742
"2024-11-27",90.8076705932617
"2024-11-29",91.4204254150391
"2024-12-02",91.5587997436523
"2024-12-03",92.4186477661133
"2024-12-04",93.3476715087891
"2024-12-05",94.1877593994141
"2024-12-06",94.5830841064453
"2024-12-09",92.7349166870117
"2024-12-10",93.4465103149414
"2024-12-11",93.8517150878906
"2024-12-12",92.9918746948242
"2024-12-13",93.3563995361328
"2024-12-16",93.9705200195312
"2024-12-17",94.5153045654297
"2024-12-18",92.6630325317383
"2024-12-19",92.5144577026367
"2024-12-20",91.3654479980469
"2024-12-23",89.4933624267578
"2024-12-24",91.8012771606445
"2024-12-26",91.9102325439453
"2024-12-27",90.7909469604492
"2024-12-30",89.7112808227539
"2024-12-31",89.4933624267578
"2025-01-02",89.1466751098633
"2025-01-03",89.9192886352539
"2025-01-06",90.5631256103516
"2025-01-07",89.9490051269531
"2025-01-08",90.9296188354492
"2025-01-10",92.1182403564453
"2025-01-13",90.6621856689453
"2025-01-14",89.92919921875
"2025-01-15",90.4739837646484
"2025-01-16",90.4343566894531
"2025-01-17",91.0682983398438
"2025-01-21",92.1974792480469
"2025-01-22",92.3460693359375
"2025-01-23",92.9205551147461
"2025-01-24",93.8615570068359
"2025-01-27",96.4765243530273
"2025-01-28",96.3675689697266
"2025-01-29",96.5755767822266
"2025-01-30",97.7146759033203
"2025-01-31",97.2293243408203
"2025-02-03",98.5962371826172
"2025-02-04",99.8145751953125
"2025-02-05",101.488540649414
"2025-02-06",101.874855041504
"2025-02-07",100.190971374512
"2025-02-10",101.944190979004
"2025-02-11",101.49845123291
"2025-02-12",102.627647399902
"2025-02-13",104.053993225098
"2025-02-14",103.053573608398
"2025-02-18",102.796035766602
"2025-02-19",103.013946533203
"2025-02-20",96.2883224487305
"2025-02-21",93.8813629150391
"2025-02-24",92.7818832397461
"2025-02-25",96.7637786865234
"2025-02-26",95.2878952026367
"2025-02-27",95.8723068237305
"2025-02-28",97.675048828125
"2025-03-03",96.6647186279297
"2025-03-04",94.0695648193359
"2025-03-05",95.0699920654297
"2025-03-06",93.7426910400391
"2025-03-07",90.8503799438477
"2025-03-10",86.9873504638672
"2025-03-11",86.6109619140625
"2025-03-12",84.3921890258789
"2025-03-13",83.6988296508789
"2025-03-14",84.540771484375
"2025-03-17",86.6307678222656
"2025-03-18",84.7785034179688
"2025-03-19",85.5114898681641
"2025-03-20",84.9964065551758
"2025-03-21",85.398681640625
"2025-03-24",86.8984603881836
"2025-03-25",84.1869201660156
"2025-03-26",84.6338729858398
"2025-03-27",85.0510406494141
"2025-03-28",84.5742797851562
"2025-03-31",87.1964340209961
"2025-04-01",88.2294082641602
"2025-04-02",89.1531143188477
"2025-04-03",86.6700210571289
"2025-04-04",82.6275405883789
"2025-04-07",83.2632064819336
"2025-04-08",81.2370071411133
"2025-04-09",88.9941940307617
"2025-04-10",89.9973678588867
"2025-04-11",92.1725692749023
"2025-04-14",94.0895156860352
"2025-04-15",93.3346481323242
"2025-04-16",90.5734481811523
"2025-04-17",92.5897216796875
"2025-04-21",91.7852020263672
"2025-04-22",94.2087020874023
"2025-04-23",94.3179550170898
"2025-04-24",95.1920013427734
"2025-04-25",94.4470672607422
"2025-04-28",94.5762023925781
"2025-04-29",95.3906555175781
"2025-04-30",96.5924758911133
"2025-05-01",96.7513961791992
"2025-05-02",98.0823364257812
"2025-05-05",98.6584091186523
"2025-05-06",97.8836898803711
"2025-05-07",98.1617965698242
"2025-05-08",96.7712554931641
"2025-05-09",96.2983322143555
"2025-05-12",96.3281936645508
"2025-05-13",95.4619827270508
"2025-05-14",96.407844543457
"2025-05-15",95.9299392700195
"2025-05-16",97.8116912841797
"2025-05-19",97.6922225952148
"2025-05-20",97.3736190795898
"2025-05-21",96.0095901489258
"2025-05-22",95.5117721557617
"2025-05-23",95.9199829101562
"2025-05-27",97.1545791625977
"2025-05-28",96.8160552978516
"2025-05-29",96.6766738891602
"2025-05-30",98.2896118164062
"2025-06-02",99.3350219726562
"2025-06-03",99.5441131591797
"2025-06-04",98.9168548583984
"2025-06-05",97.5329208374023
"2025-06-06",97.0450592041016
"2025-06-09",97.0251388549805
"2025-06-10",96.8957061767578
"2025-06-11",95.3823394775391
"2025-06-12",94.4165649414062
"2025-06-13",94.0282669067383
"2025-06-16",93.8789215087891
"2025-06-17",93.8390960693359
"2025-06-18",94.675422668457
"2025-06-20",95.7009429931641
"2025-06-23",97.4433135986328
"2025-06-24",97.5727462768555
"2025-06-25",96.8359756469727
"2025-06-26",95.6013717651367
"2025-06-27",96.8459243774414
"2025-06-30",97.3537063598633
"2025-07-01",97.8116912841797
"2025-07-02",97.1844482421875
"2025-07-03",97.9311752319336
"2025-07-07",98.9168548583984
"2025-07-08",96.6667098999023
"2025-07-09",96.3879318237305
"2025-07-10",94.4464340209961
"2025-07-11",93.9884414672852
"2025-07-14",95.3624267578125
"2025-07-15",94.97412109375
"2025-07-16",94.7351684570312
"2025-07-17",94.675422668457
"2025-07-18",94.635612487793
"2025-07-21",95.2528991699219
"2025-07-22",95.4321136474609
"2025-07-23",95.2628555297852
"2025-07-24",96.1788482666016
"2025-07-25",97.0450592041016
"2025-07-28",97.1844482421875
"2025-07-29",97.9013061523438
"2025-07-30",97.1645278930664
"2025-07-31",97.5528335571289
"2025-08-01",98.0606079101562
"2025-08-04",99.1558074951172
"2025-08-05",98.8770370483398
"2025-08-06",102.909378051758
"2025-08-07",102.670425415039
"2025-08-08",103.277770996094
"2025-08-11",103.476898193359
"2025-08-12",103.168243408203
"2025-08-13",100.549705505371
"2025-08-14",100.410316467285
"2025-08-15",99.7965698242188
"2025-08-18",100.495140075684
"2025-08-19",101.083946228027
"2025-08-20",102.361343383789
"2025-08-21",97.7607192993164
"2025-08-22",96.6330184936523
"2025-08-25",95.8745651245117
"2025-08-26",95.854606628418
"2025-08-27",95.8845443725586
"2025-08-28",95.9144821166992
"2025-08-29",96.78271484375
"2025-09-02",97.6509399414062
"2025-09-03",99.2377090454102
"2025-09-04",100.724678039551
"2025-09-05",100.305534362793
"2025-09-08",102.071929931641
"2025-09-09",102.081909179688
"2025-09-10",100.205741882324
"2025-09-11",102.441177368164
"2025-09-12",103.27946472168
"2025-09-15",103.479064941406
"2025-09-16",103.209609985352
"2025-09-17",104.057876586914
"2025-09-18",103.38924407959
"2025-09-19",102.12183380127
"2025-09-22",102.610832214355
"2025-09-23",102.31143951416
"2025-09-24",102.521018981934
"2025-09-25",102.840370178223
"2025-09-26",102.950141906738
"2025-09-29",102.870307922363
"2025-09-30",102.850341796875
"2025-10-01",101.752578735352
"2025-10-02",101.493110656738
"2025-10-03",101.862358093262
"2025-10-06",102.491073608398
"2025-10-07",103.029975891113
"2025-10-08",102.690673828125
"2025-10-09",101.562965393066
"2025-10-10",101.632820129395
"2025-10-13",101.912261962891
"2025-10-14",106.991897583008
"2025-10-15",108.808197021484
"2025-10-16",106.253410339355
"2025-10-17",107.510848999023
"2025-10-20",106.832229614258
"2025-10-21",106.003913879395
"2025-10-22",106.92204284668
"2025-10-23",106.642616271973
"2025-10-24",105.95401763916
"2025-10-27",104.257476806641
"2025-10-28",102.960121154785
"2025-10-29",102.251564025879
"2025-10-30",102.022033691406
"2025-10-31",100.974166870117
"2025-11-03",101.383331298828
"2025-11-04",102.061950683594
"2025-11-05",101.263580322266
"2025-11-06",101.473152160645
"2025-11-07",102.381294250488
"2025-11-10",102.211647033691
"2025-11-11",103.22957611084
"2025-11-12",103.22957611084
"2025-11-13",102.331405639648
"2025-11-14",102.271530151367
"2025-11-17",102.740562438965
"2025-11-18",101.183738708496
"2025-11-19",100.405326843262
"2025-11-20",106.892105102539
"2025-11-21",105.105743408203
"2025-11-24",103.848304748535
"2025-11-25",106.782325744629
"2025-11-26",108.878059387207
"2025-11-28",110.285194396973
"2025-12-01",111.303115844727
"2025-12-02",112.181327819824
"2025-12-03",114.177261352539
"2025-12-04",114.606376647949
"2025-12-05",114.875831604004
